# 3. 索引面试题

## 3.1 SQL索引分析 
```mysql
CREATE TABLE `test03`(
    `id` int(10) primary key auto_increment,
    `c1` char(10),
    `c2` char(10),
    `c3` char(10),
    `c4` char(10),
    `c5` char(10)
)engine=INNODB DEFAULT CHARSET=UTF8;

insert into `test03`(c1, c2, c3, c4, c5) values('a1', 'a2', 'a3', 'a4', 'a5');
insert into `test03`(c1, c2, c3, c4, c5) values('b1', 'b2', 'b3', 'b4', 'b5');
insert into `test03`(c1, c2, c3, c4, c5) values('c1', 'c2', 'c3', 'c4', 'c5');
insert into `test03`(c1, c2, c3, c4, c5) values('d1', 'd2', 'd3', 'd4', 'd5');
insert into `test03`(c1, c2, c3, c4, c5) values('e1', 'e2', 'e3', 'e4', 'e5');

# 建立索引
create index idx_test03_c1234 test03(c1, c2, c3, c4);
show index from test03;
```


问题: 根据以下 SQL 分析索引使用情况？

* 第1题
```mysql
explain select * from test03 where c1='a1';
```

```mysql
mysql> explain select * from test03 where c1='a1';
+----+-------------+--------+------------+------+------------------+------------------+---------+-------+------+----------+-------+
| id | select_type | table  | partitions | type | possible_keys    | key              | key_len | ref   | rows | filtered | Extra |
+----+-------------+--------+------------+------+------------------+------------------+---------+-------+------+----------+-------+
|  1 | SIMPLE      | test03 | NULL       | ref  | idx_test03_c1234 | idx_test03_c1234 | 31      | const |    1 |   100.00 | NULL  |
+----+-------------+--------+------------+------+------------------+------------------+---------+-------+------+----------+-------+
1 row in set, 1 warning (0.00 sec)
```
答: 使用了索引: c1字段

* 第2题
```mysql
explain select * from test03 where c1='a1' and c2='a2';
```

```mysql
mysql> explain select * from test03 where c1='a1' and c2='a2';
+----+-------------+--------+------------+------+------------------+------------------+---------+-------------+------+----------+-------+
| id | select_type | table  | partitions | type | possible_keys    | key              | key_len | ref         | rows | filtered | Extra |
+----+-------------+--------+------------+------+------------------+------------------+---------+-------------+------+----------+-------+
|  1 | SIMPLE      | test03 | NULL       | ref  | idx_test03_c1234 | idx_test03_c1234 | 62      | const,const |    1 |   100.00 | NULL  |
+----+-------------+--------+------------+------+------------------+------------------+---------+-------------+------+----------+-------+
1 row in set, 1 warning (0.00 sec)
```
答: 使用了索引: c1、c2字段

* 第3题
```mysql
explain select * from test03 where c1='a1' and c2='a2' and c3='c3';
```

```mysql
mysql> explain select * from test03 where c1='a1' and c2='a2' and c3='a3';
+----+-------------+--------+------------+------+------------------+------------------+---------+-------------------+------+----------+-------+
| id | select_type | table  | partitions | type | possible_keys    | key              | key_len | ref               | rows | filtered | Extra |
+----+-------------+--------+------------+------+------------------+------------------+---------+-------------------+------+----------+-------+
|  1 | SIMPLE      | test03 | NULL       | ref  | idx_test03_c1234 | idx_test03_c1234 | 93      | const,const,const |    1 |   100.00 | NULL  |
+----+-------------+--------+------------+------+------------------+------------------+---------+-------------------+------+----------+-------+
1 row in set, 1 warning (0.00 sec)
```
答: 使用了索引: c1、c2、c3字段


* 第4题
```mysql
explain select * from test03 where c1='a1' and c2='a2' and c3='a3' and c4='a4';
```

```mysql
mysql> explain select * from test03 where c1='a1' and c2='a2' and c3='a3' and c4='a4';
+----+-------------+--------+------------+------+------------------+------------------+---------+-------------------------+------+----------+-------+
| id | select_type | table  | partitions | type | possible_keys    | key              | key_len | ref                     | rows | filtered | Extra |
+----+-------------+--------+------------+------+------------------+------------------+---------+-------------------------+------+----------+-------+
|  1 | SIMPLE      | test03 | NULL       | ref  | idx_test03_c1234 | idx_test03_c1234 | 124     | const,const,const,const |    1 |   100.00 | NULL  |
+----+-------------+--------+------------+------+------------------+------------------+---------+-------------------------+------+----------+-------+
1 row in set, 1 warning (0.00 sec)
```
答: 使用了索引: c1、c2、c3字段

* 第5题
```mysql
explain select * from test03 where c1='a1' and c2='a2' and c4='a4' and c3='a3';
```

```mysql
mysql> explain select * from test03 where c1='a1' and c2='a2' and c4='a4' and c3='a3';
+----+-------------+--------+------------+------+------------------+------------------+---------+-------------------------+------+----------+-------+
| id | select_type | table  | partitions | type | possible_keys    | key              | key_len | ref                     | rows | filtered | Extra |
+----+-------------+--------+------------+------+------------------+------------------+---------+-------------------------+------+----------+-------+
|  1 | SIMPLE      | test03 | NULL       | ref  | idx_test03_c1234 | idx_test03_c1234 | 124     | const,const,const,const |    1 |   100.00 | NULL  |
+----+-------------+--------+------------+------+------------------+------------------+---------+-------------------------+------+----------+-------+
1 row in set, 1 warning (0.00 sec)
```

答: 使用索引: c1、c2、c3、c4字段。


* 第6题
```mysql
explain select * from test03 where c4='a4' and c3='a3' and c2='a2' and c1='a1';
```

```mysql
mysql> explain select * from test03 where c4='a4' and c3='a3' and c2='a2' and c1='a1';
+----+-------------+--------+------------+------+------------------+------------------+---------+-------------------------+------+----------+-------+
| id | select_type | table  | partitions | type | possible_keys    | key              | key_len | ref                     | rows | filtered | Extra |
+----+-------------+--------+------------+------+------------------+------------------+---------+-------------------------+------+----------+-------+
|  1 | SIMPLE      | test03 | NULL       | ref  | idx_test03_c1234 | idx_test03_c1234 | 124     | const,const,const,const |    1 |   100.00 | NULL  |
+----+-------------+--------+------------+------+------------------+------------------+---------+-------------------------+------+----------+-------+
1 row in set, 1 warning (0.00 sec)
```
答: 使用索引: c1、c2、c3、c4字段。


* 第7题
```mysql
explain select * from test03 where c1='a1' and c2='a2' and c3>'a3' and c4='a4';
```

```mysql
mysql> explain select * from test03 where c1='a1' and c2='a2' and c3>'a3' and c4='a4';
+----+-------------+--------+------------+-------+------------------+------------------+---------+------+------+----------+-----------------------+
| id | select_type | table  | partitions | type  | possible_keys    | key              | key_len | ref  | rows | filtered | Extra                 |
+----+-------------+--------+------------+-------+------------------+------------------+---------+------+------+----------+-----------------------+
|  1 | SIMPLE      | test03 | NULL       | range | idx_test03_c1234 | idx_test03_c1234 | 93      | NULL |    1 |    20.00 | Using index condition |
+----+-------------+--------+------------+-------+------------------+------------------+---------+------+------+----------+-----------------------+
1 row in set, 1 warning (0.00 sec)
```

答: 使用索引: c1、c2，c3由于是范围查询，所以c3、c4字段均未使用。

* 第8题
```mysql
explain select * from test03 where c1='a1' and c2='a2' and c4>'a4' and c3='a3';
```

```mysql
mysql> explain select * from test03 where c1='a1' and c2='a2' and c4>'a4' and c3='a3';
+----+-------------+--------+------------+-------+------------------+------------------+---------+------+------+----------+-----------------------+
| id | select_type | table  | partitions | type  | possible_keys    | key              | key_len | ref  | rows | filtered | Extra                 |
+----+-------------+--------+------------+-------+------------------+------------------+---------+------+------+----------+-----------------------+
|  1 | SIMPLE      | test03 | NULL       | range | idx_test03_c1234 | idx_test03_c1234 | 124     | NULL |    1 |   100.00 | Using index condition |
+----+-------------+--------+------------+-------+------------------+------------------+---------+------+------+----------+-----------------------+
1 row in set, 1 warning (0.00 sec)
```
答: 使用索引: c1、c2、c3、c4。


* 第9题
```mysql
explain select * from test03 where c1='a1' and c2='a2' and c4='a4' order by c3;
```

```mysql
mysql> explain select * from test03 where c1='a1' and c2='a2' and c4='a4' order by c3;
+----+-------------+--------+------------+------+------------------+------------------+---------+-------------+------+----------+-----------------------+
| id | select_type | table  | partitions | type | possible_keys    | key              | key_len | ref         | rows | filtered | Extra                 |
+----+-------------+--------+------------+------+------------------+------------------+---------+-------------+------+----------+-----------------------+
|  1 | SIMPLE      | test03 | NULL       | ref  | idx_test03_c1234 | idx_test03_c1234 | 62      | const,const |    1 |    20.00 | Using index condition |
+----+-------------+--------+------------+------+------------------+------------------+---------+-------------+------+----------+-----------------------+
1 row in set, 1 warning (0.00 sec)
```
答: 使用索引: c1、c2，严格来说c3应该是用到了，不过c3用于排序，而不是查找，未统计在里面。

* 第10题
```mysql
explain select * from test03 where c1='a1' and c2='a2' order by c3;
```

```mysql
mysql> explain select * from test03 where c1='a1' and c2='a2' order by c3;
+----+-------------+--------+------------+------+------------------+------------------+---------+-------------+------+----------+-----------------------+
| id | select_type | table  | partitions | type | possible_keys    | key              | key_len | ref         | rows | filtered | Extra                 |
+----+-------------+--------+------------+------+------------------+------------------+---------+-------------+------+----------+-----------------------+
|  1 | SIMPLE      | test03 | NULL       | ref  | idx_test03_c1234 | idx_test03_c1234 | 62      | const,const |    1 |   100.00 | Using index condition |
+----+-------------+--------+------------+------+------------------+------------------+---------+-------------+------+----------+-----------------------+
1 row in set, 1 warning (0.00 sec)
```
答: 使用索引: c1、c2，严格来说c3应该是用到了，不过c3用于排序，而不是查找，未统计在里面。

* 第11题
```mysql
explain select * from test03 where c1='a1' and c2='a2' order by c4;
```

```mysql
mysql> explain select * from test03 where c1='a1' and c2='a2' order by c4;
+----+-------------+--------+------------+------+------------------+------------------+---------+-------------+------+----------+---------------------------------------+
| id | select_type | table  | partitions | type | possible_keys    | key              | key_len | ref         | rows | filtered | Extra                                 |
+----+-------------+--------+------------+------+------------------+------------------+---------+-------------+------+----------+---------------------------------------+
|  1 | SIMPLE      | test03 | NULL       | ref  | idx_test03_c1234 | idx_test03_c1234 | 62      | const,const |    1 |   100.00 | Using index condition; Using filesort |
+----+-------------+--------+------------+------+------------------+------------------+---------+-------------+------+----------+---------------------------------------+
1 row in set, 1 warning (0.00 sec)
```
答: 使用索引: c1、c2，但是由于c3断层，导致了c4无法被使用，出现了 Using filesort。

* 第12题
```mysql
explain select * from test03 where c1='a1' and c5='a5' order by c2, c3;
```

```mysql
mysql> explain select * from test03 where c1='a1' and c5='a5' order by c2, c3;
+----+-------------+--------+------------+------+------------------+------------------+---------+-------+------+----------+------------------------------------+
| id | select_type | table  | partitions | type | possible_keys    | key              | key_len | ref   | rows | filtered | Extra                              |
+----+-------------+--------+------------+------+------------------+------------------+---------+-------+------+----------+------------------------------------+
|  1 | SIMPLE      | test03 | NULL       | ref  | idx_test03_c1234 | idx_test03_c1234 | 31      | const |    1 |    20.00 | Using index condition; Using where |
+----+-------------+--------+------------+------+------------------+------------------+---------+-------+------+----------+------------------------------------+
1 row in set, 1 warning (0.00 sec)
```

答: 使用索引: c1, c2、c3被用于排序，没有 Using filesort。

* 第13题
```mysql
explain select * from test03 where c1='a1' and c5='a5' order by c3;
```

```mysql
mysql> explain select * from test03 where c1='a1' and c5='a5' order by c3;
+----+-------------+--------+------------+------+------------------+------------------+---------+-------+------+----------+----------------------------------------------------+
| id | select_type | table  | partitions | type | possible_keys    | key              | key_len | ref   | rows | filtered | Extra                                              |
+----+-------------+--------+------------+------+------------------+------------------+---------+-------+------+----------+----------------------------------------------------+
|  1 | SIMPLE      | test03 | NULL       | ref  | idx_test03_c1234 | idx_test03_c1234 | 31      | const |    1 |    20.00 | Using index condition; Using where; Using filesort |
+----+-------------+--------+------------+------+------------------+------------------+---------+-------+------+----------+----------------------------------------------------+
1 row in set, 1 warning (0.00 sec)
```
答: 使用索引: c1, 由于c2被断层，出现了 Using filesort。

* 第14题
```mysql
explain select * from test03 where c1='a1' and c5='a5' order by c3,c2;
```

```mysql
mysql> explain select * from test03 where c1='a1' and c5='a5' order by c3,c2;
+----+-------------+--------+------------+------+------------------+------------------+---------+-------+------+----------+----------------------------------------------------+
| id | select_type | table  | partitions | type | possible_keys    | key              | key_len | ref   | rows | filtered | Extra                                              |
+----+-------------+--------+------------+------+------------------+------------------+---------+-------+------+----------+----------------------------------------------------+
|  1 | SIMPLE      | test03 | NULL       | ref  | idx_test03_c1234 | idx_test03_c1234 | 31      | const |    1 |    20.00 | Using index condition; Using where; Using filesort |
+----+-------------+--------+------------+------+------------------+------------------+---------+-------+------+----------+----------------------------------------------------+
1 row in set, 1 warning (0.00 sec)
```
答: 使用索引: c1, 由于排序c3、c2 没有按照c2、c3顺序来，所以出现了 Using filesort。


* 第15题
```mysql
explain select * from test03 where c1='a1' and c2='a2' and c5='c5' order by c3,c2;
```

```mysql
mysql> explain select * from test03 where c1='a1' and c2='a2' and c5='c5' order by c3,c2;
+----+-------------+--------+------------+------+------------------+------------------+---------+-------------+------+----------+------------------------------------+
| id | select_type | table  | partitions | type | possible_keys    | key              | key_len | ref         | rows | filtered | Extra                              |
+----+-------------+--------+------------+------+------------------+------------------+---------+-------------+------+----------+------------------------------------+
|  1 | SIMPLE      | test03 | NULL       | ref  | idx_test03_c1234 | idx_test03_c1234 | 62      | const,const |    1 |    20.00 | Using index condition; Using where |
+----+-------------+--------+------------+------+------------------+------------------+---------+-------------+------+----------+------------------------------------+
1 row in set, 1 warning (0.01 sec)
```

`注意`: c2此时已经是常量，排序只会使用c3，所以不会出现 Using filesort。

答: 使用索引: c1、c2, c3用于排序了。


* 第16题
```mysql
explain select * from test03 where c1='a1' and c4='a4' group by c2,c3;
```

```mysql
mysql> explain select * from test03 where c1='a1' and c4='a4' group by c2,c3;
+----+-------------+--------+------------+------+------------------+------------------+---------+-------+------+----------+-----------------------+
| id | select_type | table  | partitions | type | possible_keys    | key              | key_len | ref   | rows | filtered | Extra                 |
+----+-------------+--------+------------+------+------------------+------------------+---------+-------+------+----------+-----------------------+
|  1 | SIMPLE      | test03 | NULL       | ref  | idx_test03_c1234 | idx_test03_c1234 | 31      | const |    1 |    20.00 | Using index condition |
+----+-------------+--------+------------+------+------------------+------------------+---------+-------+------+----------+-----------------------+
1 row in set, 1 warning (0.00 sec)
```
答: 同 order by。


* 第17题
```mysql
explain select * from test03 where c1='a1' and c4='a4' group by c3,c2;
```

```mysql
mysql> explain select * from test03 where c1='a1' and c4='a4' group by c3,c2;
+----+-------------+--------+------------+------+------------------+------------------+---------+-------+------+----------+--------------------------------------------------------+
| id | select_type | table  | partitions | type | possible_keys    | key              | key_len | ref   | rows | filtered | Extra                                                  |
+----+-------------+--------+------------+------+------------------+------------------+---------+-------+------+----------+--------------------------------------------------------+
|  1 | SIMPLE      | test03 | NULL       | ref  | idx_test03_c1234 | idx_test03_c1234 | 31      | const |    1 |    20.00 | Using index condition; Using temporary; Using filesort |
+----+-------------+--------+------------+------+------------------+------------------+---------+-------+------+----------+--------------------------------------------------------+
1 row in set, 1 warning (0.00 sec)
```
答: 使用索引: c1，由于c3、c2顺序不对，导致了Using temporary、Using filesort。


## 3.2 小结
* 定值、范围还是排序，一般order by给个范围
* `group by`: 分组前一定会排序，如果group by字段后错误，会导致临时表产生
